review,label,date
"This product is absolutely amazing! I've been using it for 3 weeks now and it works perfectly. The build quality feels premium and the battery life exceeds expectations. Highly recommend to anyone looking for a reliable option.",genuine,2024-01-05
"Terrible product. Broke after just 2 days of light use. The plastic feels cheap and the buttons are wobbly. Customer service was unhelpful and refused to issue a refund. Avoid at all costs.",genuine,2024-01-07
"I ordered this after seeing several recommendations online. Setup was straightforward and the manual is clear. Performance is consistent and it handles daily tasks without any issues. Good value for the price.",genuine,2024-01-10
"The product arrived late and the packaging was damaged. When I finally got it open, the screen had a dead pixel in the corner. Not what I expected for this price range.",genuine,2024-01-12
"Solid mid-range option. Nothing groundbreaking but it does exactly what it promises. The interface is intuitive and I appreciated the included accessories. Been using it daily for a month with no complaints.",genuine,2024-01-15
"BEST PRODUCT EVER!!! 5 STARS!! BUY NOW!! AMAZING GREAT WONDERFUL PERFECT SUPERB OUTSTANDING!!",fake,2024-01-15
"Great product great quality great price great shipping great everything 5 stars!",fake,2024-01-16
"I bought this for my daughter and she loves it. The color options are nice and it feels durable enough for everyday use. My only gripe is the charger cable is a bit short.",genuine,2024-01-18
"Perfect perfect perfect! Best purchase of my life! Everyone should buy this immediately! 5 stars no question!",fake,2024-01-18
"The sound quality on this speaker is surprisingly good for the price point. Bass is punchy without being muddy and the mids are clear. Battery lasts about 10 hours which matches the advertised specs.",genuine,2024-01-20
"AMAZING PRODUCT!!! LOVE IT SO MUCH!!! BEST EVER!!! BUY IT NOW YOU WILL NOT REGRET!!!",fake,2024-01-20
"I've tried several similar products in this category and this one stands out for its reliability. Had a minor issue with connectivity in the first week but a firmware update fixed it completely.",genuine,2024-01-22
"Wonderful product fabulous quality excellent service highly recommend everyone buy this great product five stars.",fake,2024-01-22
"The ergonomic design makes a huge difference during long sessions. My wrist pain has reduced noticeably since switching to this. The scroll wheel is smooth and the extra buttons are customizable.",genuine,2024-01-25
"Received this as a gift and was initially skeptical but it has become one of my most used gadgets. The companion app could use improvement but the hardware itself is excellent.",genuine,2024-01-28
"Very good product! So happy with purchase! All my friends want one now! Perfect product for everyone! Amazing quality!",fake,2024-01-28
"The lens quality is impressive for this price bracket. Low-light performance is decent though it struggles in very dark environments. Autofocus is snappy and accurate for daytime shooting.",genuine,2024-02-01
"This arrived faster than expected. Box was intact and everything was included. The product matched the online photos exactly. Works as described in the listing.",genuine,2024-02-03
"INCREDIBLE!! MIND BLOWING!! LIFE CHANGING PRODUCT!! EVERYONE MUST BUY THIS IMMEDIATELY!! PERFECT IN EVERY WAY!!",fake,2024-02-03
"After three months of daily use I can say this has held up well. The finish has some minor scratches but functionally it is perfect. Would purchase again.",genuine,2024-02-05
"Good product but the setup instructions are confusing. Took me about an hour to figure out the calibration process. Once configured properly it works great.",genuine,2024-02-07
"Outstanding product outstanding company outstanding shipping outstanding packaging outstanding everything! Buy this now!",fake,2024-02-07
"The battery charges quickly and holds a charge for about 48 hours with moderate use. Significantly better than my previous model in this regard.",genuine,2024-02-10
"I was hesitant due to mixed reviews but took the plunge. Happy I did. The negative reviews seem to be from isolated incidents or user error. My unit works flawlessly.",genuine,2024-02-12
"LOVE LOVE LOVE THIS PRODUCT!! 5 STARS!! PERFECT!! AMAZING!! YOU MUST BUY THIS TODAY!!",fake,2024-02-12
"The mesh material breathes well during workouts. Sizing is accurate to the chart. Had a slight smell when first opened but aired out after a day.",genuine,2024-02-15
"Returned after one week. The product did not live up to the marketing claims. Performance was mediocre at best and the materials felt cheaper than the photos suggested.",genuine,2024-02-17
"Super fantastic amazing perfect wonderful excellent brilliant outstanding superb magnificent! Everyone buy this right now!",fake,2024-02-17
"The noise cancellation is genuinely impressive and rivals products at twice the price. Call quality is clear and the fit is comfortable for extended wear.",genuine,2024-02-20
"I use this for work from home and it has transformed my setup. The adjustability accommodates my height and the lumbar support is effective for long sitting sessions.",genuine,2024-02-22
"PHENOMENAL!!! ABSOLUTELY PHENOMENAL!!! BEST PURCHASE EVER!!! LIFE CHANGING!!! BUY NOW!!!",fake,2024-02-22
"The blades stay sharp through multiple uses before needing replacement. Close shave on first pass most of the time. Slightly irritating on sensitive neck area.",genuine,2024-02-25
"Mediocre performance for the asking price. The competition offers more features at lower cost. Build quality is acceptable but nothing special.",genuine,2024-02-27
"Magnificent fabulous brilliant amazing spectacular wonderful! I recommend this to every single person! Perfect product! Five stars!",fake,2024-02-27
"Works exactly as described. The heat distribution is even and consistent. Cleanup is easy due to the non-stick coating. Handles stay cool to the touch.",genuine,2024-03-01
"The connectivity is stable within a 30 foot range but drops occasionally beyond that. Not a dealbreaker for home use but worth noting for larger spaces.",genuine,2024-03-03
"GREATEST PRODUCT IN EXISTENCE!! BUY THIS NOW!! YOU WILL THANK ME LATER!! PERFECT PERFECT PERFECT!!",fake,2024-03-03
"Initial impressions are positive. The interface is clean and responsive. I will update this review after extended use to give a more complete picture.",genuine,2024-03-05
"Disappointed with the durability. The seam split after only two months of regular use. For the price point I expected better quality control.",genuine,2024-03-07
"AMAZING QUALITY!! AMAZING PRICE!! AMAZING SHIPPING!! AMAZING EVERYTHING!! FIVE STARS FIVE STARS FIVE STARS!!",fake,2024-03-07
"The resolution is sharp and colors are vibrant straight out of the box with minimal calibration needed. Viewing angles are wide and the anti-glare coating works well.",genuine,2024-03-10
"Customer service went above and beyond when I had questions about setup. The product itself is straightforward and reliable. Recommend for beginners and experienced users alike.",genuine,2024-03-12
"Perfect product! Perfect service! Perfect company! Best in the world! Buy immediately! Five stars always!",fake,2024-03-12
"The insulation keeps beverages cold for 18 hours and hot for 12 hours in my testing. The lid is leak-proof even when inverted. Slightly heavy when full.",genuine,2024-03-15
"Works well for light tasks but struggles with more demanding applications. Fine for basic use but not recommended for power users.",genuine,2024-03-17
"SUPERB!! SPECTACULAR!! EXTRAORDINARY!! MAGNIFICENT!! MUST BUY IMMEDIATELY!! BEST PRODUCT EVER MADE!!",fake,2024-03-17
"The straps are padded adequately for day hikes but become uncomfortable on multi-day treks without additional padding. The pockets are well positioned and water resistant.",genuine,2024-03-20
"Solid construction and intuitive controls. The learning curve is minimal. My only suggestion would be to include a carrying case in the box.",genuine,2024-03-22
"BRILLIANT PRODUCT!! EVERYONE IN MY FAMILY LOVES IT!! BEST PURCHASE WE EVER MADE!! FIVE STARS ALL DAY!!",fake,2024-03-22
"The flavor options are good and the texture is smooth without being chalky. Mixes easily in water or milk. Recovery feels noticeably faster.",genuine,2024-03-25
"I compared this against three competitors before purchasing. This won on build quality and feature set. The price difference is justified.",genuine,2024-03-27
"OUTSTANDING OUTSTANDING OUTSTANDING!! I TELL EVERYONE ABOUT THIS PRODUCT!! PERFECT PERFECT PERFECT!! BUY NOW!!",fake,2024-03-27
"The remote learning feature works reliably across all my devices. Setup took about 15 minutes and the interface is clean. Battery life is exceptional.",genuine,2024-04-01
"Thread count is accurate and the fabric softens after washing. The fitted sheet fits mattresses up to 15 inches deep which covers most standard sizes.",genuine,2024-04-03
"WONDERFUL!! FABULOUS!! INCREDIBLE!! EVERYONE SHOULD OWN THIS!! FIVE STARS FOREVER!! BEST EVER!!",fake,2024-04-03
"The zoom is usable up to about 4x before quality degrades noticeably. Good for casual photography but professionals will want something more capable.",genuine,2024-04-05
"I replaced my old unit with this and the difference is striking. Quieter, more efficient, and the smart features work as advertised.",genuine,2024-04-07
"Perfect product perfect price perfect seller perfect shipping perfect everything! All five stars! Amazing! Excellent! Outstanding!",fake,2024-04-07
"The suspension handles rough terrain better than I expected. Shifting is smooth and precise. The brakes are responsive but could use a minor adjustment out of the box.",genuine,2024-04-10
"Good for what it is. Nothing revolutionary but it solves the problem it's designed for. Instructions could be clearer.",genuine,2024-04-12
"AMAZING AMAZING AMAZING!! BEST PRODUCT IN THE UNIVERSE!! BUY THIS RIGHT NOW!! YOU WON'T REGRET IT EVER!!",fake,2024-04-12
"The UV protection is effective and the polarization reduces glare significantly. Comfortable to wear for extended periods. Case and cleaning cloth included.",genuine,2024-04-15
"Runs slightly small so consider sizing up. The material is breathable and the stitching is tight. Good for the price.",genuine,2024-04-17
"FANTASTIC!! INCREDIBLE VALUE!! EVERYONE NEEDS THIS!! PERFECT IN EVERY WAY!! FIVE STARS FIVE STARS!!",fake,2024-04-17
"Works as expected. The installation was simple but the included hardware felt slightly cheap. Performance post-installation has been problem-free.",genuine,2024-04-20
"The portion control markings are accurate. Easy to clean by hand or dishwasher. Has held up well after several months of daily use.",genuine,2024-04-22
"PHENOMENAL PRODUCT!! LIFE CHANGING!! BUY IMMEDIATELY!! BEST DECISION I EVER MADE!! PERFECT!!",fake,2024-04-22
"The tracking accuracy is impressive for a budget option. Heart rate monitor is reasonably accurate for casual fitness tracking. App integration is smooth.",genuine,2024-04-25
"Below expectations for the price. The advertised battery life of 30 hours is achievable only at lower brightness settings. At medium brightness expect around 18 hours.",genuine,2024-04-27
"GREATEST PURCHASE EVER!! MY WHOLE FAMILY LOVES IT!! TELL EVERYONE YOU KNOW TO BUY THIS!! FIVE STARS!!",fake,2024-04-27
"The motor is powerful enough for most household cleaning tasks. The HEPA filter effectively captures allergens. Slightly louder than my previous model.",genuine,2024-05-01
"Excellent product well made well priced well shipped well packaged! Perfect! Amazing! Outstanding! Great! Buy now!",fake,2024-05-01
"The grip tape held up through a full season without any peeling. Balance feels natural and the weight distribution is good for my playing style.",genuine,2024-05-03
"I've had this for four months and still use it daily. The quality has not diminished and the performance remains consistent. Excellent purchase.",genuine,2024-05-05
"BEST PRODUCT EVER MADE IN HISTORY!! BUY IT NOW!! PERFECT PERFECT PERFECT!! FIVE STARS FIVE STARS FIVE STARS!!",fake,2024-05-05
"The recipe book included is actually useful and not just filler. The preset programs work well. However the machine is louder than I preferred.",genuine,2024-05-07
"Great build quality and thoughtful design details. The cable management system is particularly well implemented. Easy to assemble.",genuine,2024-05-10
"INCREDIBLE!! AMAZING!! WONDERFUL!! FANTASTIC!! THIS PRODUCT CHANGED MY LIFE!! BUY IT NOW!! PERFECT!!",fake,2024-05-10
"The display is accurate within about two degrees of actual temperature. The backlight is readable in direct sunlight. Waterproofing holds up in heavy rain.",genuine,2024-05-12
"For light users looking for a simple solution this works well. Power users will find it limiting. The price reflects this positioning fairly.",genuine,2024-05-14
"SUPERB SUPERB SUPERB!! EVERYONE SHOULD BUY THIS TODAY!! PERFECT FOR EVERYONE!! FIVE STARS FOREVER!!",fake,2024-05-14
"The taste is acceptable but not premium. Nutritional profile is solid and it dissolved well in both water and almond milk. Will reorder.",genuine,2024-05-17
"The locking mechanism is reliable and the material is impact resistant. Fits all standard sizes as advertised. Compact enough for travel.",genuine,2024-05-20
"OUTSTANDING!! SPECTACULAR!! MAGNIFICENT!! BUY THIS IMMEDIATELY!! BEST EVER!! FIVE STARS ALWAYS!!",fake,2024-05-20
"Three months in and still performing like new. The surface is easy to clean and resists staining. The grip on the bottom prevents sliding.",genuine,2024-05-22
"I expected more based on the product photos. The color is slightly different in person and the size is smaller than the dimensions suggested.",genuine,2024-05-24
"FANTASTIC PRODUCT!! FANTASTIC PRICE!! FANTASTIC SHIPPING!! FANTASTIC COMPANY!! BEST EVER!! BUY NOW!!",fake,2024-05-24
"The signal strength is impressive. Covers my entire two-story house with minimal dead spots. Setup was guided and took about ten minutes.",genuine,2024-05-27
"The controls are intuitive enough that I didn't need to read the manual. Build quality is solid and the design is sleek. Happy with this purchase.",genuine,2024-05-30
"AMAZING AMAZING AMAZING AMAZING!! BEST PRODUCT IN THE WORLD!! EVERYONE BUY THIS!! FIVE STARS!!",fake,2024-05-30
"The magnification is accurate and the field of view is wide. The eye cups are comfortable for glasses wearers. Good for birding and sporting events.",genuine,2024-06-02
"Good basic product. Does what it claims without any extras. Ideal for someone wanting a no-frills solution at a reasonable price.",genuine,2024-06-04
"PERFECT!! INCREDIBLE!! EXTRAORDINARY!! BUY NOW BUY NOW BUY NOW!! BEST PURCHASE OF MY ENTIRE LIFE!!",fake,2024-06-04
"The vibration modes are varied and effective. The battery life matches the stated 2 hours on single charge. App connectivity worked on first attempt.",genuine,2024-06-07
"After 6 months the strap has not faded or cracked. The buckle remains secure and the padding has retained its shape. Excellent longevity.",genuine,2024-06-10
"BRILLIANT!! PHENOMENAL!! LIFE CHANGING!! EVERYONE NEEDS THIS RIGHT NOW!! FIVE STARS FIVE STARS!!",fake,2024-06-10
"The water resistance was tested during a heavy rainstorm and held up without any issues. The zipper is smooth and the pockets are well-sized.",genuine,2024-06-12
"Handles basic tasks efficiently. The interface is beginner-friendly. More advanced users might find the feature set limiting.",genuine,2024-06-15
"GREATEST PRODUCT EVER!! MY LIFE IS BETTER BECAUSE OF THIS!! BUY IT NOW!! PERFECT ALWAYS!! FIVE STARS!!",fake,2024-06-15
"The print quality is sharp and colors are accurate. Ink consumption is reasonable and the wireless connectivity has been reliable over several months.",genuine,2024-06-17
"I bought this to replace a broken unit and am glad I chose this brand again. Same quality and reliability I remember from five years ago.",genuine,2024-06-20
"AMAZING VALUE!! AMAZING QUALITY!! AMAZING SHIPPING!! BEST PURCHASE EVER!! FIVE STARS!! BUY NOW!!",fake,2024-06-20
"The certification claims check out based on my testing with a meter. Efficient and reliable over six months of continuous operation.",genuine,2024-06-22
"The portions are satisfying and nutrition is as labeled. Customer service responded within hours when I had a question about an ingredient.",genuine,2024-06-25
"SUPERB!! SPECTACULAR!! OUTSTANDING!! MAGNIFICENT!! YOU MUST BUY THIS TODAY!! BEST EVER!! PERFECT!!",fake,2024-06-25
"The foam density is appropriate for medium firmness preference. No off-gassing issues. Good motion isolation for couples.",genuine,2024-06-27
"Not quite what I expected but serves the purpose. The one star reviews seem exaggerated. It is a decent product at a fair price.",genuine,2024-06-30
"WONDERFUL WONDERFUL WONDERFUL!! BEST PRODUCT KNOWN TO MANKIND!! BUY IMMEDIATELY!! FIVE STARS FOREVER!!",fake,2024-06-30
"The battery replacement process is straightforward and the replacement cells are widely available. Circuit protection features work as documented.",genuine,2024-07-02
"Build quality is impressive for this price point. The hinges are smooth and the screen has minimal flex. Fan noise is acceptable under load.",genuine,2024-07-05
"INCREDIBLE VALUE!! EVERYONE SHOULD OWN THIS!! PERFECT!! BEST DECISION OF MY LIFE!! FIVE STARS!!",fake,2024-07-05
"The fermentation timing is accurate and results have been consistent across multiple batches. Cleanup is straightforward.",genuine,2024-07-07
"The carry weight distribution is excellent for the volume. All straps are padded and adjustable. Stood up to rough treatment during travel.",genuine,2024-07-10
"FANTASTIC FANTASTIC FANTASTIC!! GREATEST PRODUCT EVER!! BUY NOW!! PERFECT PERFECT PERFECT!! FIVE STARS!!",fake,2024-07-10
"Seven months of regular use and still performing well. No issues with the electronics. Battery holds the same charge as day one.",genuine,2024-07-12
"The material is breathable and the cut is flattering. Washing instructions are accurate and the color has not faded after multiple washes.",genuine,2024-07-15
"BRILLIANT BRILLIANT BRILLIANT!! BEST PURCHASE EVER MADE!! TELLS EVERYONE TO BUY THIS!! PERFECT!!",fake,2024-07-15
"Decent product with some notable flaws. The latch mechanism requires more force than seems appropriate and the seal is inconsistent.",genuine,2024-07-17
"Works as advertised for the intended use case. Nice design and feels premium in hand. Instructions are minimal but sufficient.",genuine,2024-07-20
"OUTSTANDING OUTSTANDING OUTSTANDING!! BEST PRODUCT IN EXISTENCE!! FIVE STARS FIVE STARS FIVE STARS!!",fake,2024-07-20
"The replacement filter installation is tool-free and takes about two minutes. Flow rate improved noticeably after installation.",genuine,2024-07-22
"Good mid-range option. Competitive features for the price. Slight learning curve but the manual is thorough.",genuine,2024-07-25
"AMAZING!! INCREDIBLE!! WONDERFUL!! FANTASTIC!! PERFECT!! BEST EVER!! BUY THIS NOW!! FIVE STARS!!",fake,2024-07-25
"The OLED display is vivid and the refresh rate feels smooth in daily use. Fingerprint sensor is fast and accurate. Speaker quality is average.",genuine,2024-07-27
"Camera performance in daylight is strong. Night mode is improved from the previous generation but still behind the top tier competition.",genuine,2024-07-30
"PHENOMENAL!! EXTRAORDINARY!! MAGNIFICENT!! BEST SMARTPHONE EVER!! BUY NOW!! PERFECT PERFECT PERFECT!!",fake,2024-07-30
"The brushless motor is quieter than the previous model. Suction is strong enough for carpet and hardwood alike. Filter is washable.",genuine,2024-08-01
"I purchased this for a specific project and it performed exactly as needed. Quality materials and precise dimensions.",genuine,2024-08-03
"SUPERB!! SPECTACULAR!! INCREDIBLE VALUE!! EVERYONE NEEDS THIS!! FIVE STARS FIVE STARS FIVE STARS!!",fake,2024-08-03
"The calibration held well over a months worth of measurements. Readings are consistent and the interface is straightforward.",genuine,2024-08-05
"Fits the described dimensions accurately. Assembly took about 45 minutes with two people. Finish quality is better than expected.",genuine,2024-08-07
"WONDERFUL!! AMAZING!! BRILLIANT!! FANTASTIC PRODUCT!! BUY NOW!! BEST PURCHASE EVER!! FIVE STARS!!",fake,2024-08-07
"Nine months of daily use without any performance degradation. The quality is a cut above what I've found in this price range.",genuine,2024-08-10
"Good for casual use. Would not recommend for professional applications where precision is critical. Acceptable for the price.",genuine,2024-08-12
"INCREDIBLE!! MIND BLOWING QUALITY!! BEST PRODUCT I EVER USED!! EVERYONE BUY THIS RIGHT NOW!! PERFECT!!",fake,2024-08-12
"The auto-shutoff feature works reliably. Heats evenly without hot spots. Compact enough to store easily. Good value.",genuine,2024-08-15
"Excellent adhesion on all tested surfaces. Clean removal without residue on painted walls. Bond strength exceeds expectations.",genuine,2024-08-17
"GREATEST PRODUCT EVER CREATED!! BUY IMMEDIATELY!! FIVE STARS!! PERFECT!! AMAZING!! WONDERFUL!!",fake,2024-08-17
"The LED lifespan is accurate and brightness is as specified. Color rendering index is high enough for accurate color work.",genuine,2024-08-20
"I replaced multiple items with this one device and it handles all cases well. The learning curve was shorter than I expected.",genuine,2024-08-22
"FANTASTIC!! INCREDIBLE!! OUTSTANDING!! MY FAVORITE PRODUCT EVER!! BUY NOW!! FIVE STARS ALWAYS!!",fake,2024-08-22
"Slight learning curve with the controls but manageable. Performance improvements over my previous model are clear.",genuine,2024-08-25
"Runs quietly in normal operation. The indicator lights are clear. Capacity is adequate for a family of four.",genuine,2024-08-27
"PERFECT PERFECT PERFECT!! BEST PRODUCT IN THE UNIVERSE!! EVERYONE SHOULD BUY THIS TODAY!! FIVE STARS!!",fake,2024-08-27
"The tool-free assembly system worked smoothly. The finish matches the website photos. Sturdy enough that I don't worry about it.",genuine,2024-09-01
"Good budget option for the use case. Managing expectations properly leads to satisfaction. Not premium but functional.",genuine,2024-09-03
"AMAZING AMAZING AMAZING!! BEST COMPANY EVER!! PERFECT PRODUCT!! BUY NOW!! FIVE STARS FIVE STARS!!",fake,2024-09-03
"The sensor accuracy has been within acceptable margins over six months of testing against reference measurements.",genuine,2024-09-05
"Comfortable from day one without a break-in period. The arch support is genuine and noticeable. Good width options available.",genuine,2024-09-07
"BRILLIANT BRILLIANT BRILLIANT!! LIFE CHANGING PRODUCT!! BEST PURCHASE EVER!! PERFECT!! FIVE STARS!!",fake,2024-09-07
"The retention system holds securely on varied terrain. Comfort is good for hikes up to 12 miles based on my experience.",genuine,2024-09-10
"Works well for light to moderate use. Heavy users will want to consider a more capable option. Good starter choice.",genuine,2024-09-12
"SPECTACULAR!! PHENOMENAL!! EXTRAORDINARY!! BUY THIS NOW!! BEST PRODUCT EVER!! PERFECT!! FIVE STARS!!",fake,2024-09-12
"One year of use and the performance metrics are unchanged from day one. Impressive durability for this product category.",genuine,2024-09-15
"The noise floor is low enough for home recording. Frequency response is flat in the midrange with slight roll-off at extremes.",genuine,2024-09-17
"INCREDIBLE VALUE!! AMAZING QUALITY!! BEST EVER!! BUY NOW!! FIVE STARS FIVE STARS FIVE STARS FIVE STARS!!",fake,2024-09-17
"The touch interface is responsive and lag-free. Accuracy is good at the corners. Stylus compatibility is a bonus.",genuine,2024-09-20
"The preamp section adds warmth without significant coloration. Clean channel is articulate. Decent reverb for the price.",genuine,2024-09-22
"OUTSTANDING!! MAGNIFICENT!! BRILLIANT!! BEST PRODUCT EVER MADE!! EVERYONE BUY THIS!! FIVE STARS!!",fake,2024-09-22
"The water jacket maintains temperature effectively during transport. Spill-proof design has held up well.",genuine,2024-09-25
"Accurate timekeeping over six months of testing. Water resistance holds at the rated depth. The clasp is secure.",genuine,2024-09-27
"WONDERFUL WONDERFUL WONDERFUL!! PERFECT PRODUCT!! AMAZING COMPANY!! BUY NOW!! FIVE STARS ALWAYS!!",fake,2024-09-27
"The peel-and-stick application was straightforward. Alignment requires patience but the result is clean. Held well for three months.",genuine,2024-10-01
"Build quality is solid for the price tier. The controls are tactile and clearly labeled. Calibration held over the test period.",genuine,2024-10-03
"FANTASTIC!! INCREDIBLE!! BRILLIANT!! BEST PURCHASE EVER!! FIVE STARS!! PERFECT!! AMAZING QUALITY!!",fake,2024-10-03
"The recoil mechanism is smooth and consistent. Accuracy improved after the first 50 rounds. Cleaning is straightforward.",genuine,2024-10-05
"Works reliably for the intended purpose. Not glamorous but effective. The instructions are accurate.",genuine,2024-10-07
"GREATEST PRODUCT IN THE WORLD!! MY LIFE IS TRANSFORMED!! BUY NOW!! PERFECT!! FIVE STARS!!",fake,2024-10-07
"The evaporation rate matches the specifications. The scent is pleasant and not overpowering at the recommended setting.",genuine,2024-10-10
"Good general purpose option. Handles common tasks without issue. Specialized needs may require a more dedicated tool.",genuine,2024-10-12
"AMAZING!! WONDERFUL!! BRILLIANT!! INCREDIBLE!! BEST EVER!! BUY NOW!! FIVE STARS FIVE STARS!!",fake,2024-10-12
"The blade alignment was correct out of the box. Cut quality is clean on both wood and thin metals. Motor starts reliably.",genuine,2024-10-15
"I've tested this across many conditions and it consistently delivers expected output. The build has not shown any weakness points.",genuine,2024-10-17
"SUPERB!! SPECTACULAR!! OUTSTANDING!! PHENOMENAL!! BEST EVER!! BUY NOW!! PERFECT PERFECT!!",fake,2024-10-17
"The pressure reading is stable and consistent with a reference gauge. Activation and release pressure are adjustable.",genuine,2024-10-20
"Good complementary accessory. Adds meaningful functionality for the reasonable price. No compatibility issues.",genuine,2024-10-22
"INCREDIBLE VALUE!! AMAZING!! FIVE STARS!! PERFECT!! BEST PURCHASE OF MY LIFE!! BUY NOW EVERYONE!!",fake,2024-10-22
"Ten months of use without any failures. The materials have aged without degradation. Exceptional considering the price.",genuine,2024-10-25
"First time user of this product category and found it accessible. Instructions are clear for beginners. Good starter option.",genuine,2024-10-27
"BRILLIANT!! MAGNIFICENT!! EXTRAORDINARY!! BEST PRODUCT EVER!! FIVE STARS FOREVER!! BUY NOW BUY NOW!!",fake,2024-10-27
"The temperature differential between settings is well separated. Response time is fast. No false activations noticed.",genuine,2024-10-30
"Performance is consistent in varied environmental conditions. Easy to maintain. No consumables beyond standard supplies.",genuine,2024-11-01
"WONDERFUL!! FANTASTIC!! INCREDIBLE!! BEST EVER MADE!! EVERYONE MUST OWN THIS!! FIVE STARS!!",fake,2024-11-01
"Good tracking at both slow and fast movements. DPI settings are granular. The braided cable does not tangle.",genuine,2024-11-03
"Handles the workload without throttling under sustained load. Temperatures stay reasonable with the stock cooler.",genuine,2024-11-05
"AMAZING AMAZING AMAZING!! BEST COMPUTER COMPONENT EVER!! FIVE STARS!! PERFECT!! BUY NOW!!",fake,2024-11-05
"The seam sealing has not failed in rain conditions. Ventilation prevents excessive moisture buildup during activity.",genuine,2024-11-07
"Good for flat ground with moderate loads. Steeper terrain or heavier loads are better served by a more capable option.",genuine,2024-11-10
"SUPERB!! BRILLIANT!! OUTSTANDING!! FANTASTIC PRODUCT!! BUY IMMEDIATELY!! FIVE STARS FIVE STARS!!",fake,2024-11-10
"The auto-focus during video capture is reliable for standard scenes. Low-light video is acceptable at a higher ISO.",genuine,2024-11-12
"Clean installation with included hardware. No leaks after three months. Water flow rate is improved from the prior model.",genuine,2024-11-15
"PERFECT PERFECT PERFECT!! LIFE CHANGING PURCHASE!! AMAZING!! FIVE STARS!! BUY NOW BUY NOW!!",fake,2024-11-15
"The pivot foot is smooth and precise. The locking mechanism holds at all angles without drifting.",genuine,2024-11-17
"Eleven months of use and the coating remains intact. No rust or corrosion visible on any hardware.",genuine,2024-11-20
"INCREDIBLE!! PHENOMENAL!! MAGNIFICENT!! SUPERB!! BEST EVER!! BUY NOW!! FIVE STARS FIVE STARS!!",fake,2024-11-20
"Good output consistency across the production run tested. Minimal tolerance variation. Clean surface finish.",genuine,2024-11-22
"Exceeded expectations considering the price. Not the absolute best available but delivering strong value for the cost.",genuine,2024-11-25
"GREATEST THING EVER INVENTED!! EVERYONE BUY THIS!! FIVE STARS FIVE STARS!! PERFECT!! AMAZING!!",fake,2024-11-25
"The connection is stable and the latency is imperceptible in normal use. Good range and interference rejection.",genuine,2024-11-27
"Adequate performance for the intended application. A premium option would offer more but at significantly higher cost.",genuine,2024-11-30
"WONDERFUL!! OUTSTANDING!! BRILLIANT!! INCREDIBLE QUALITY!! BEST PURCHASE EVER!! FIVE STARS!!",fake,2024-11-30
"Twelve months with no performance reduction. Consistently delivers results within stated specifications.",genuine,2024-12-01
"The tension is adjustable and the mechanism is smooth. Works consistently across the range of settings.",genuine,2024-12-03
"AMAZING!! FANTASTIC!! PERFECT!! FIVE STARS!! BEST EVER!! BUY NOW!! INCREDIBLE!! WONDERFUL!!",fake,2024-12-03
"The wireless charging holds at the rated wattage without significant heat generation on the device.",genuine,2024-12-05
"Good general performance across varied conditions tested. Limitations are predictable and manageable.",genuine,2024-12-07
"SUPERB SUPERB SUPERB!! BEST PRODUCT EVER CREATED!! EVERYONE BUY THIS NOW!! FIVE STARS!!",fake,2024-12-07
"Installation required reading the manual carefully but was ultimately straightforward. Performance matches specifications.",genuine,2024-12-10
"The warranty claim process was smooth. Replacement arrived within the stated timeframe. Satisfied with the resolution.",genuine,2024-12-12
"OUTSTANDING OUTSTANDING OUTSTANDING!! PERFECT PRODUCT!! AMAZING COMPANY!! FIVE STARS ALWAYS!!",fake,2024-12-12
"This product is inconsistent. Worked perfectly for six weeks then began producing errors. Quality control seems variable.",genuine,2024-12-15
"The companion app could use improvement but the core product functionality is reliable and well-designed.",genuine,2024-12-17
"BRILLIANT BRILLIANT!! AMAZING QUALITY!! FIVE STARS!! BEST EVER!! PURCHASE IMMEDIATELY!! PERFECT!!",fake,2024-12-17
"The coating is genuine and measurable. Claims match verified testing. A rare instance of complete accuracy in specifications.",genuine,2024-12-20
"Would recommend with the caveat that expectations should match the price point. For the cost it genuinely delivers.",genuine,2024-12-22
"INCREDIBLE!! MAGNIFICENT!! SPECTACULAR!! BEST PRODUCT IN THE UNIVERSE!! FIVE STARS!! BUY NOW!!",fake,2024-12-22
"The firmware has been updated twice since purchase with noticeable improvements each time. Company seems committed.",genuine,2024-12-25
"Good overall package. The accessories are quality and the main unit performs as expected. Good value proposition.",genuine,2024-12-27
"FANTASTIC FANTASTIC FANTASTIC!! MY LIFE IS BETTER!! BEST EVER!! FIVE STARS!! AMAZING!! PERFECT!!",fake,2024-12-27
"After a year of use I can confirm the longevity claims. The performance curve has been flat throughout.",genuine,2024-12-30
"The size options cover a wide range and the fit guide is accurate. Material quality is consistent across the range.",genuine,2024-01-02
"WONDERFUL!! INCREDIBLE!! OUTSTANDING!! BEST EVER MADE!! FIVE STARS FIVE STARS!! BUY NOW!!",fake,2024-01-02
"The self-calibration cycle completes quickly and the results are reliable. Maintenance requirements are minimal.",genuine,2025-01-05
"Good entry-level option for those new to the product category. Leaves room to grow into a premium option later.",genuine,2025-01-07
"AMAZING AMAZING!! BEST PRODUCT EVER!! FIVE STARS FIVE STARS!! PERFECT!! INCREDIBLE!! BUY NOW!!",fake,2025-01-07
"The reinforced areas show no signs of wear at the six month mark under regular use conditions.",genuine,2025-01-10
"Installation instructions matched the actual process. No additional tools needed beyond what was stated.",genuine,2025-01-12
"SUPERB!! BRILLIANT!! OUTSTANDING!! MAGNIFICENT!! INCREDIBLE!! FIVE STARS!! BUY NOW EVERYONE!!",fake,2025-01-12
"Consumer testing at home confirmed the stated efficiency rating. Power consumption matches specifications.",genuine,2025-01-15
"A solid, reliable choice. No frills but no failures either. Consistent performance over the testing period.",genuine,2025-01-17
"PERFECT PERFECT PERFECT!! GREATEST PRODUCT EVER MADE!! FIVE STARS!! BUY NOW BUY NOW AMAZING!!",fake,2025-01-17
"The recipe results were consistently good following the included instructions. The timing recommendations are accurate.",genuine,2025-01-20
"Good balance between feature richness and usability. The interface shows thoughtful design decisions.",genuine,2025-01-22
"OUTSTANDING!! WONDERFUL!! BRILLIANT!! FANTASTIC!! BEST EVER!! FIVE STARS FIVE STARS!! BUY NOW!!",fake,2025-01-22
"Eight months of use confirms the battery longevity claims more or less. Slight degradation noted but within normal range.",genuine,2025-01-25
"The heat settings are well-separated and the response time is fast. Auto-shutoff activates reliably.",genuine,2025-01-27
"INCREDIBLE INCREDIBLE!! LIFE CHANGING!! AMAZING QUALITY!! BUY NOW!! FIVE STARS FIVE STARS!!",fake,2025-01-27
"The data export format is compatible with the tools I use. Connectivity has been reliable across platforms.",genuine,2025-01-30
"Works well in the described conditions. Performance degrades predictably outside of the specified range.",genuine,2025-02-01
"AMAZING!! PERFECT!! BRILLIANT!! SUPERB!! BEST EVER!! FIVE STARS!! BUY NOW!! FANTASTIC!!",fake,2025-02-01
"The color accuracy was confirmed with spectrophotometer testing. Good for color-critical applications.",genuine,2025-02-05
"A reliable workhorse without impressive highlights. Does the job consistently over the period tested.",genuine,2025-02-07
"OUTSTANDING OUTSTANDING!! MOST AMAZING PRODUCT EVER!! FIVE STARS FOREVER!! PERFECT!! BUY NOW!!",fake,2025-02-07
"The adjustability covers the full range of body types accurately per the size chart provided.",genuine,2025-02-10
"Good operational efficiency for the use case. Maintenance schedule is reasonable and parts are available.",genuine,2025-02-12
"BRILLIANT!! MAGNIFICENT!! PHENOMENAL!! BEST EVER!! FIVE STARS!! BUY NOW BUY NOW!! PERFECT!!",fake,2025-02-12
"Connectivity has been solid for nine months. The range covers my space with margin to spare.",genuine,2025-02-15
"The manual translation is choppy in some sections but the diagrams are clear enough to compensate.",genuine,2025-02-17
"WONDERFUL!! INCREDIBLE!! FANTASTIC!! AMAZING PRODUCT!! FIVE STARS FIVE STARS!! BUY NOW EVERYONE!!",fake,2025-02-17
"Mechanical precision is good for the price tier. Tolerances are within acceptable limits for the application.",genuine,2025-02-20
"Good product with straightforward operation. The included documentation covers all common scenarios.",genuine,2025-02-22
"SPECTACULAR!! SUPERB!! OUTSTANDING!! GREATEST PRODUCT EVER!! FIVE STARS!! BUY IMMEDIATELY!!",fake,2025-02-22
"Ten months and the performance curve remains flat. Exceptional longevity relative to the price.",genuine,2025-02-25
"For light applications this works well. Heavy use scenarios should look at the premium tier product line.",genuine,2025-02-27
"AMAZING!! FANTASTIC!! PERFECT!! BRILLIANT!! BEST EVER!! FIVE STARS!! BUY NOW INCREDIBLE!!",fake,2025-02-27
"The digital readout is accurate against calibrated reference instruments. Reproducibility is good.",genuine,2025-03-01
"Handles all my regular use cases without issues. Occasional edge cases handled gracefully.",genuine,2025-03-03
"INCREDIBLE!! MAGNIFICENT QUALITY!! AMAZING SHIPPING!! FIVE STARS!! BEST PRODUCT EVER!! BUY NOW!!",fake,2025-03-03
"The safety features work as documented. Lock mechanism is positive and requires deliberate action to disengage.",genuine,2025-03-05
"Good general purpose option with a reasonable feature set. Trade-offs are expected at this price point.",genuine,2025-03-07
"OUTSTANDING OUTSTANDING OUTSTANDING!! LIFE CHANGING PRODUCT!! FIVE STARS!! PERFECT!! BUY NOW!!",fake,2025-03-07
"Eleven months without any issue. Consistently good results from every use across different conditions.",genuine,2025-03-10
"The thermal characteristics match specifications under load at ambient temperatures in my environment.",genuine,2025-03-12
"WONDERFUL!! BRILLIANT!! SUPERB!! AMAZING PRODUCT!! FIVE STARS FIVE STARS FIVE STARS!! BUY NOW!!",fake,2025-03-12
"The optical resolution is near the stated specification based on testing with resolution charts.",genuine,2025-03-15
"Good build quality throughout. The materials feel premium and the assembly is tight. No rattles or flex.",genuine,2025-03-17
"FANTASTIC FANTASTIC!! INCREDIBLE VALUE!! AMAZING QUALITY!! FIVE STARS!! BEST PURCHASE EVER!!",fake,2025-03-17
"The adhesion strength measured within the stated range. Cure time is accurate per the instructions.",genuine,2025-03-20
"A product that does what it claims without overpromising. Refreshing to find accurate marketing.",genuine,2025-03-22
"PERFECT PERFECT PERFECT!! GREATEST PRODUCT EVER!! BUY NOW BUY NOW!! FIVE STARS ALWAYS!!",fake,2025-03-22
"Twelve months of performance at or above stated specifications. An excellent long-term purchase.",genuine,2025-03-25
"Good choice for the use case. Limitations are predictable and within acceptable parameters.",genuine,2025-03-27
"OUTSTANDING!! INCREDIBLE!! AMAZING!! WONDERFUL!! BEST EVER!! FIVE STARS!! BUY NOW FANTASTIC!!",fake,2025-03-27
"The pressure regulation is accurate across the output range. Consistent performance across repeated cycling.",genuine,2025-03-30
"Solid product with well-considered design. The user experience shows attention to real-world use cases.",genuine,2025-04-01
"BRILLIANT BRILLIANT BRILLIANT!! MOST AMAZING PRODUCT EVER!! FIVE STARS FIVE STARS!! PERFECT!!",fake,2025-04-01
"Battery cycle count is on track to meet the stated lifespan. Both charge and discharge curves are as expected.",genuine,2025-04-05
"The precision meets requirements for my application. Repeatability is good over a large sample.",genuine,2025-04-07
"SPECTACULAR!! MAGNIFICENT!! PHENOMENAL!! BEST IN THE WORLD!! BUY NOW!! FIVE STARS!!",fake,2025-04-07
"Good heat dissipation prevents thermal throttling during sustained operation. Fan profile is configurable.",genuine,2025-04-10
"The natural language processing interface understands context well. Edge cases are handled gracefully.",genuine,2025-04-12
"INCREDIBLE INCREDIBLE!! BEST AI PRODUCT EVER!! FIVE STARS FIVE STARS!! PERFECT!! BUY NOW!!",fake,2025-04-12
"One year of use confirms the sustainability claims are real. Measurable impact in my specific use case.",genuine,2025-04-15
"Good functional design with thoughtful ergonomics. Comfortable for extended use without fatigue.",genuine,2025-04-17
"AMAZING!! OUTSTANDING!! WONDERFUL!! FANTASTIC!! FIVE STARS!! BEST EVER!! BUY NOW PERFECT!!",fake,2025-04-17
"The signal integrity holds at the rated bandwidth. No measurable degradation at maximum specified load.",genuine,2025-04-20
"Handles real-world conditions well. Lab specifications translate to practical performance in daily use.",genuine,2025-04-22
"SUPERB SUPERB SUPERB!! MAGNIFICENT QUALITY!! FIVE STARS FOREVER!! BUY NOW BUY NOW AMAZING!!",fake,2025-04-22
"Thirteen months of use and still performing within original specifications. Impressive durability.",genuine,2025-04-25
"The response latency is within acceptable bounds for the application. No buffering issues encountered.",genuine,2025-04-27
"BRILLIANT!! INCREDIBLE!! OUTSTANDING!! PERFECT PRODUCT!! FIVE STARS!! BUY NOW EVERYONE!!",fake,2025-04-27
"The firmware stability has been excellent with no unexpected reboots or errors over the test period.",genuine,2025-04-30
"Good longevity relative to similar products tested. Cost per use calculation favors this product.",genuine,2025-05-01
"WONDERFUL WONDERFUL WONDERFUL!! AMAZING QUALITY!! FIVE STARS FIVE STARS!! PERFECT!! BUY NOW!!",fake,2025-05-01
"The resolution at maximum magnification is better than competitors tested in parallel. Sharpness holds well.",genuine,2025-05-05
"The structural integrity has not been compromised over the period of use including stress events.",genuine,2025-05-07
"FANTASTIC FANTASTIC!! GREATEST PRODUCT IN THE UNIVERSE!! FIVE STARS!! PERFECT!! BUY NOW!!",fake,2025-05-07
"Accurate output confirmed across the measurement range. Calibration stability has been good.",genuine,2025-05-10
"Good for the stated purpose. Performance aligns with the product category benchmarks.",genuine,2025-05-12
"AMAZING!! INCREDIBLE!! OUTSTANDING OUTSTANDING!! FIVE STARS!! BEST EVER!! BUY NOW WONDERFUL!!",fake,2025-05-12
"The gap between charge cycles is consistent with the stated capacity under my usage conditions.",genuine,2025-05-15
"The assembly quality has remained consistent. No issues have developed over extended use.",genuine,2025-05-17
"SPECTACULAR SPECTACULAR!! MOST BRILLIANT PRODUCT EVER!! FIVE STARS FIVE STARS!! BUY NOW!!",fake,2025-05-17
"The interpolation algorithm produces clean results for the tested input types. Good output fidelity.",genuine,2025-05-20
"Works well within the specified operating range. Graceful degradation outside the range is appreciated.",genuine,2025-05-22
"PERFECT PERFECT!! INCREDIBLE VALUE!! AMAZING AMAZING!! FIVE STARS FIVE STARS!! BUY NOW!!",fake,2025-05-22
"Fourteen months of reliable operation without intervention. Exceeds the reliability of comparable products.",genuine,2025-05-25
"Good starting product for the category. Leaves room for growth without making the entry product obsolete.",genuine,2025-05-27
"OUTSTANDING OUTSTANDING!! BRILLIANT QUALITY!! FIVE STARS FIVE STARS!! PERFECT PERFECT!! BUY NOW!!",fake,2025-05-27
"The control loop is stable and the response curve is predictable. No oscillation noted at any tested setpoint.",genuine,2025-05-30
"Solid construction and reliable performance. The product does exactly what it promises in the listing.",genuine,2025-06-01
"INCREDIBLE INCREDIBLE INCREDIBLE!! BEST PRODUCT EVER MADE IN HISTORY!! FIVE STARS!! BUY NOW!!",fake,2025-06-01
"The mechanical stops are precise and the range of motion matches the specification.",genuine,2025-06-05
"An understated but reliable product. Does not attract attention but delivers consistently.",genuine,2025-06-07
"WONDERFUL WONDERFUL!! AMAZING QUALITY!! FIVE STARS FIVE STARS FIVE STARS!! PERFECT!! BUY NOW!!",fake,2025-06-07
"Good power-to-weight ratio for the category. Handling is predictable and the braking is progressive.",genuine,2025-06-10
"The integration with existing systems was smooth. API documentation is accurate and comprehensive.",genuine,2025-06-12
"FANTASTIC FANTASTIC FANTASTIC!! MOST AMAZING PRODUCT EVER!! FIVE STARS!! PERFECT!! BUY NOW!!",fake,2025-06-12
"Fifteen months of use and still within original specifications. A rare example of accurate longevity claims.",genuine,2025-06-15
"The interface layer is clean and the abstraction holds across all tested use cases.",genuine,2025-06-17
"BRILLIANT BRILLIANT!! OUTSTANDING QUALITY!! FIVE STARS FOREVER!! AMAZING!! PERFECT!! BUY NOW!!",fake,2025-06-17
"The impedance match is good across the operating frequency range. Insertion loss is within specification.",genuine,2025-06-20
"Good balance of accuracy and speed for the application. Trade-offs are reasonable and well-documented.",genuine,2025-06-22
"SUPERB SUPERB!! INCREDIBLE INCREDIBLE!! FIVE STARS FIVE STARS!! BEST EVER!! BUY NOW PERFECT!!",fake,2025-06-22
"The learning algorithm converges quickly on new patterns. Adaptation to changed conditions is smooth.",genuine,2025-06-25
"Real-world performance aligns closely with the specified performance envelope. Good validation of claims.",genuine,2025-06-27
"MAGNIFICENT MAGNIFICENT!! MOST WONDERFUL PRODUCT EVER!! FIVE STARS FIVE STARS FIVE STARS!! BUY NOW!!",fake,2025-06-27
"The coating durability has held across multiple cleaning cycles using recommended products.",genuine,2025-06-30
"Good all-around performance in the stated application domain. No major weaknesses identified.",genuine,2025-07-01
"AMAZING AMAZING!! OUTSTANDING OUTSTANDING!! FIVE STARS!! PERFECTLY PERFECT!! BRILLIANT!! BUY NOW!!",fake,2025-07-01
"Sixteen months of consistent output. The product has validated its specifications through actual use.",genuine,2025-07-05
"The thermal runaway protection activates correctly at the tested threshold. Safety features are reliable.",genuine,2025-07-07
"SPECTACULAR SPECTACULAR!! GREATEST PRODUCT EVER!! FIVE STARS FIVE STARS!! PERFECT!! BUY NOW!!",fake,2025-07-07
"The modular design makes component replacement straightforward. Extended service life is achievable.",genuine,2025-07-10
"Handles all common use cases reliably. Rare edge cases require workarounds but documentation covers them.",genuine,2025-07-12
"WONDERFUL WONDERFUL!! INCREDIBLE INCREDIBLE!! FIVE STARS FIVE STARS FIVE STARS!! BUY NOW AMAZING!!",fake,2025-07-12
"The synchronization across devices is instantaneous in my testing. Conflict resolution is handled cleanly.",genuine,2025-07-15
"Good product that delivers on the primary value proposition. Secondary features are a welcome bonus.",genuine,2025-07-17
"FANTASTIC FANTASTIC!! BEST PRODUCT IN EXISTENCE!! FIVE STARS FIVE STARS!! PERFECT!! BUY NOW!!",fake,2025-07-17
"Seventeen months of reliable service without any failures or performance issues worth noting.",genuine,2025-07-20
"The certification tests were replicated in my environment with consistent passing results.",genuine,2025-07-22
"BRILLIANT BRILLIANT BRILLIANT!! OUTSTANDING QUALITY!! FIVE STARS FOREVER!! BUY NOW BUY NOW!!",fake,2025-07-22
"The alignment precision holds under operational loads. No drift observed over the test period.",genuine,2025-07-25
"Good product for the intended demographic. The design choices clearly reflect the target user.",genuine,2025-07-27
"INCREDIBLE INCREDIBLE!! MOST AMAZING PRODUCT EVER CREATED!! FIVE STARS FIVE STARS!! BUY NOW!!",fake,2025-07-27
"The dynamic range is within 2dB of specification across the operating temperature range.",genuine,2025-07-30
"Eighteen months and the degradation curve is tracking well within acceptable bounds.",genuine,2025-08-01
"PERFECT PERFECT PERFECT!! GREATEST PRODUCT KNOWN TO MANKIND!! FIVE STARS!! BUY NOW AMAZING!!",fake,2025-08-01
"The error correction handles burst errors without perceptible impact at the application level.",genuine,2025-08-05
"Good economic value considering total cost of ownership over the product lifespan.",genuine,2025-08-07
"OUTSTANDING OUTSTANDING OUTSTANDING!! BRILLIANT QUALITY!! FIVE STARS FIVE STARS!! PERFECT!!",fake,2025-08-07
"The phase noise specification is met in the operating conditions tested. Clean output observed.",genuine,2025-08-10
"Real performance matches modeled performance within acceptable tolerances for the application.",genuine,2025-08-12
"SPECTACULAR SPECTACULAR SPECTACULAR!! BEST PRODUCT EVER IN HISTORY!! FIVE STARS!! BUY NOW!!",fake,2025-08-12
"Nineteen months of continuous operation meets the design life specification ahead of schedule.",genuine,2025-08-15
